"nt1","family","nt2"
"3F4G|1|X|G|1","cWW","3F4G|1|Y|C|112"
"3F4G|1|X|G|2","cWW","3F4G|1|Y|U|111"
"3F4G|1|X|A|3","cWW","3F4G|1|Y|U|110"
"3F4G|1|X|U|4","cWW","3F4G|1|Y|A|109"
"3F4G|1|X|C|5","cWW","3F4G|1|Y|G|108"
"3F4G|1|X|U|6","cWW","3F4G|1|Y|A|107"
"3F4G|1|X|U|7","cWW","3F4G|1|Y|A|106"
"3F4G|1|X|C|8","cWW","3F4G|1|Y|G|105"
"3F4G|1|X|G|9","ntSH","3F4G|1|Y|A|104"
"3F4G|1|X|G|10","ncHS","3F4G|1|X|G|47"
"3F4G|1|X|G|10","cHS","3F4G|1|X|A|48"
"3F4G|1|X|G|10","ntHW","3F4G|1|Y|A|102"
"3F4G|1|X|G|12","cSS","3F4G|1|X|C|31"
"3F4G|1|X|G|12","cSS","3F4G|1|X|C|30"
"3F4G|1|X|G|12","tSS","3F4G|1|Y|G|93"
"3F4G|1|X|C|13","perp","3F4G|1|X|U|23"
"3F4G|1|X|C|13","ntHS","3F4G|1|Y|A|92"
"3F4G|1|X|C|13","cSW","3F4G|1|X|G|28"
"3F4G|1|X|C|13","nbif","3F4G|1|X|C|27"
"3F4G|1|X|A|14","tHS","3F4G|1|X|G|28"
"3F4G|1|X|A|14","nbif","3F4G|1|X|C|27"
"3F4G|1|X|G|15","cWW","3F4G|1|X|C|27"
"3F4G|1|X|G|16","cWW","3F4G|1|X|C|26"
"3F4G|1|X|G|17","cWW","3F4G|1|X|C|25"
"3F4G|1|X|U|18","tWH","3F4G|1|X|A|22"
"3F4G|1|X|G|19","tSH","3F4G|1|Y|A|90"
"3F4G|1|X|A|22","tHW","3F4G|1|X|U|18"
"3F4G|1|X|U|23","perp","3F4G|1|X|C|13"
"3F4G|1|X|C|25","cWW","3F4G|1|X|G|17"
"3F4G|1|X|C|26","cWW","3F4G|1|X|G|16"
"3F4G|1|X|C|27","cWW","3F4G|1|X|G|15"
"3F4G|1|X|C|27","nbif","3F4G|1|X|A|14"
"3F4G|1|X|C|27","nbif","3F4G|1|X|C|13"
"3F4G|1|X|G|28","cWS","3F4G|1|X|C|13"
"3F4G|1|X|G|28","tSH","3F4G|1|X|A|14"
"3F4G|1|X|A|29","cWW","3F4G|1|Y|U|94"
"3F4G|1|X|C|30","cWW","3F4G|1|Y|G|93"
"3F4G|1|X|C|30","cSS","3F4G|1|X|G|12"
"3F4G|1|X|C|31","cWW","3F4G|1|Y|G|84"
"3F4G|1|X|C|31","nbif","3F4G|1|Y|C|83"
"3F4G|1|X|C|31","cSS","3F4G|1|X|G|12"
"3F4G|1|X|G|32","cWW","3F4G|1|Y|C|83"
"3F4G|1|X|G|33","tSS","3F4G|1|Y|A|104"
"3F4G|1|X|G|33","cWW","3F4G|1|X|C|46"
"3F4G|1|X|U|34","cWW","3F4G|1|X|A|45"
"3F4G|1|X|G|35","cWW","3F4G|1|X|C|44"
"3F4G|1|X|G|36","cWW","3F4G|1|X|C|43"
"3F4G|1|X|U|37","tWH","3F4G|1|X|A|40"
"3F4G|1|X|A|38","tHS","3F4G|1|Y|G|70"
"3F4G|1|X|A|38","perp","3F4G|1|X|U|39"
"3F4G|1|X|U|39","perp","3F4G|1|X|A|38"
"3F4G|1|X|U|39","ncHW","3F4G|1|Y|A|73"
"3F4G|1|X|A|40","tHW","3F4G|1|X|U|37"
"3F4G|1|X|G|41","tSS","3F4G|1|Y|A|63"
"3F4G|1|X|G|41","cWW","3F4G|1|Y|C|82"
"3F4G|1|X|U|42","cWW","3F4G|1|Y|A|81"
"3F4G|1|X|C|43","cWW","3F4G|1|X|G|36"
"3F4G|1|X|C|44","cWW","3F4G|1|X|G|35"
"3F4G|1|X|A|45","cWW","3F4G|1|X|U|34"
"3F4G|1|X|C|46","cSS","3F4G|1|Y|A|104"
"3F4G|1|X|C|46","cWW","3F4G|1|X|G|33"
"3F4G|1|X|G|47","nbif","3F4G|1|Y|G|62"
"3F4G|1|X|G|47","ncSS","3F4G|1|Y|G|103"
"3F4G|1|X|G|47","ncSH","3F4G|1|X|G|10"
"3F4G|1|X|G|47","ncSS","3F4G|1|Y|A|104"
"3F4G|1|X|A|48","perp","3F4G|1|X|A|49"
"3F4G|1|X|A|48","ncSS","3F4G|1|Y|A|102"
"3F4G|1|X|A|48","cSH","3F4G|1|X|G|10"
"3F4G|1|X|A|49","perp","3F4G|1|Y|A|85"
"3F4G|1|X|A|49","perp","3F4G|1|X|A|48"
"3F4G|1|X|A|49","cWW","3F4G|1|Y|U|60"
"3F4G|1|X|A|50","cWW","3F4G|1|Y|U|59"
"3F4G|1|X|G|51","cWW","3F4G|1|Y|C|58"
"3F4G|1|X|C|52","cWW","3F4G|1|Y|G|57"
"3F4G|1|Y|G|57","cWW","3F4G|1|X|C|52"
"3F4G|1|Y|C|58","cWW","3F4G|1|X|G|51"
"3F4G|1|Y|U|59","cWW","3F4G|1|X|A|50"
"3F4G|1|Y|U|60","cWW","3F4G|1|X|A|49"
"3F4G|1|Y|G|62","nbif","3F4G|1|X|G|47"
"3F4G|1|Y|G|62","cSS","3F4G|1|Y|C|83"
"3F4G|1|Y|A|63","cSS","3F4G|1|Y|C|82"
"3F4G|1|Y|A|63","tSS","3F4G|1|X|G|41"
"3F4G|1|Y|U|64","cWW","3F4G|1|Y|A|80"
"3F4G|1|Y|U|65","cWW","3F4G|1|Y|A|79"
"3F4G|1|Y|U|66","cWW","3F4G|1|Y|A|78"
"3F4G|1|Y|G|67","cWW","3F4G|1|Y|C|77"
"3F4G|1|Y|G|68","cWW","3F4G|1|Y|C|76"
"3F4G|1|Y|U|69","tWH","3F4G|1|Y|A|73"
"3F4G|1|Y|G|70","tSH","3F4G|1|X|A|38"
"3F4G|1|Y|A|73","ncWH","3F4G|1|X|U|39"
"3F4G|1|Y|A|73","tHW","3F4G|1|Y|U|69"
"3F4G|1|Y|C|76","cWW","3F4G|1|Y|G|68"
"3F4G|1|Y|C|77","cWW","3F4G|1|Y|G|67"
"3F4G|1|Y|A|78","cWW","3F4G|1|Y|U|66"
"3F4G|1|Y|A|79","cWW","3F4G|1|Y|U|65"
"3F4G|1|Y|A|80","cWW","3F4G|1|Y|U|64"
"3F4G|1|Y|A|81","cWW","3F4G|1|X|U|42"
"3F4G|1|Y|C|82","cWW","3F4G|1|X|G|41"
"3F4G|1|Y|C|82","cSS","3F4G|1|Y|A|63"
"3F4G|1|Y|C|83","cWW","3F4G|1|X|G|32"
"3F4G|1|Y|C|83","cSS","3F4G|1|Y|G|62"
"3F4G|1|Y|C|83","nbif","3F4G|1|X|C|31"
"3F4G|1|Y|G|84","cWW","3F4G|1|X|C|31"
"3F4G|1|Y|A|85","cWW","3F4G|1|Y|G|98"
"3F4G|1|Y|A|85","perp","3F4G|1|X|A|49"
"3F4G|1|Y|C|86","cWW","3F4G|1|Y|G|97"
"3F4G|1|Y|A|87","cWW","3F4G|1|Y|U|96"
"3F4G|1|Y|G|88","cWW","3F4G|1|Y|C|95"
"3F4G|1|Y|U|89","tWH","3F4G|1|Y|A|92"
"3F4G|1|Y|A|90","tHS","3F4G|1|X|G|19"
"3F4G|1|Y|A|90","ncSH","3F4G|1|Y|G|91"
"3F4G|1|Y|G|91","ncHS","3F4G|1|Y|A|90"
"3F4G|1|Y|A|92","tHW","3F4G|1|Y|U|89"
"3F4G|1|Y|A|92","ntSH","3F4G|1|X|C|13"
"3F4G|1|Y|G|93","tSS","3F4G|1|X|G|12"
"3F4G|1|Y|G|93","cWW","3F4G|1|X|C|30"
"3F4G|1|Y|U|94","cWW","3F4G|1|X|A|29"
"3F4G|1|Y|C|95","cWW","3F4G|1|Y|G|88"
"3F4G|1|Y|U|96","cWW","3F4G|1|Y|A|87"
"3F4G|1|Y|G|97","cWW","3F4G|1|Y|C|86"
"3F4G|1|Y|G|98","cWW","3F4G|1|Y|A|85"
"3F4G|1|Y|A|102","ntWH","3F4G|1|X|G|10"
"3F4G|1|Y|A|102","ncSS","3F4G|1|X|A|48"
"3F4G|1|Y|G|103","ncSS","3F4G|1|X|G|47"
"3F4G|1|Y|A|104","ncSS","3F4G|1|X|G|47"
"3F4G|1|Y|A|104","ntHS","3F4G|1|X|G|9"
"3F4G|1|Y|A|104","tSS","3F4G|1|X|G|33"
"3F4G|1|Y|A|104","cSS","3F4G|1|X|C|46"
"3F4G|1|Y|G|105","cWW","3F4G|1|X|C|8"
"3F4G|1|Y|A|106","cWW","3F4G|1|X|U|7"
"3F4G|1|Y|A|107","cWW","3F4G|1|X|U|6"
"3F4G|1|Y|G|108","cWW","3F4G|1|X|C|5"
"3F4G|1|Y|A|109","cWW","3F4G|1|X|U|4"
"3F4G|1|Y|U|110","cWW","3F4G|1|X|A|3"
"3F4G|1|Y|U|111","cWW","3F4G|1|X|G|2"
"3F4G|1|Y|C|112","cWW","3F4G|1|X|G|1"
